user_id,full_name,age,gender,employment,region,monthly_income_vnd,latent_risk,pd_true,default_90d
U0001,Vũ Trung,58,F,self,DN,5945186,0.6861296651836762,0.8585824494092369,1
U0002,Đỗ Trang,22,F,formal,CT,18088887,0.3831500647313298,0.7050159135400828,1
U0003,Trần Sơn,22,M,gig,HP,10285377,0.6640215383535839,0.8281106980627614,0
U0004,Hoàng Thành,47,M,gig,CT,9311649,0.7606463874388878,0.9220042542345861,1
U0005,Ngô Hùng,23,F,formal,HN,18874553,0.3866943066190577,0.6778265297671294,0
U0006,Võ Hà,48,M,formal,HCM,20328491,0.351544285300048,0.7257975751757836,0
U0007,Nguyễn Chi,28,F,contract,HCM,12358467,0.6280649293603678,0.820201602364589,1
U0008,Phan Phương,56,M,gig,HCM,8155373,0.6839757266247413,0.8451055272406098,1
U0009,Đặng Minh,51,F,self,HP,19524907,0.4873146317420912,0.8001704727365695,1
U0010,Nguyễn Vy,25,F,student,CT,5280444,0.7350593491560228,0.8382279453064738,1
U0011,Võ Sơn,46,F,formal,HP,7379296,0.6517946949869518,0.8218666449769462,0
U0012,Huỳnh An,31,F,gig,DN,10307043,0.6665134539625561,0.865983393818009,0
U0013,Hoàng Trung,20,M,gig,HP,12301891,0.6889985852676096,0.8812511519168188,1
U0014,Lê Quang,24,F,self,NT,24533025,0.4283313565590133,0.6667190994096294,1
U0015,Đinh Vy,39,F,formal,HCM,14322303,0.4196214017107912,0.596001565458454,0
U0016,Nguyễn Trung,21,M,formal,CT,22001942,0.4089282623518758,0.7803480859919494,1
U0017,Lê Ngọc,30,M,formal,NT,21415991,0.23834663312987478,0.6041120467384903,0
U0018,Đỗ Quang,55,M,formal,NT,22634382,0.5194099953388527,0.6743906786160742,0
U0019,Dương An,41,M,formal,NT,17691593,0.5828386948169838,0.8154730199596306,0
U0020,Huỳnh Trung,24,F,gig,DN,4650247,0.7924538897617978,0.9549469747624421,1
U0021,Lê Hải,48,M,contract,DN,11612411,0.4786894163927797,0.8201771929250684,1
U0022,Đặng Trang,43,F,gig,NT,6923500,0.831411658402952,0.9095774340268138,1
U0023,Trương Sơn,45,M,formal,HP,13266938,0.51277941195654,0.8205574587037862,0
U0024,Lê Trang,25,M,formal,CT,21865568,0.27407273292457085,0.5198789301222292,1
U0025,Huỳnh Thảo,59,F,formal,HN,9899430,0.6070406949083824,0.8873135764413209,1
U0026,Huỳnh Thành,42,M,gig,HP,10551567,0.6792004612134989,0.928890755695089,1
U0027,Đinh Thảo,48,M,formal,HN,23067645,0.34453762745288957,0.6674102440082572,0
U0028,Đinh Trung,58,F,formal,NT,16319810,0.5212052762484729,0.862559800349644,0
U0029,Bùi Đạt,35,M,self,CT,12924332,0.7524894073630102,0.8544483473246579,1
U0030,Trương Hải,31,M,student,HN,4000000,0.7438655456954442,0.9575152906517355,1
U0031,Phạm Vy,48,F,gig,NT,11071046,0.6758944362054348,0.8769080429763112,1
U0032,Huỳnh Linh,40,M,formal,HN,24713222,0.27865594039561953,0.6688408527029605,1
U0033,Phạm Linh,32,M,student,HCM,5846936,0.7227913091035223,0.9321613521358487,1
U0034,Phạm Thảo,38,F,formal,CT,25649271,0.22161659405354667,0.549566119382621,0
U0035,Hồ Minh,42,F,student,HP,6992128,0.7287725969436053,0.8162638749298384,1
U0036,Đỗ Thành,59,F,formal,DN,16115847,0.47061048337662337,0.8562364449961442,1
U0037,Nguyễn Chi,58,M,formal,DN,17923935,0.3814986424964151,0.7688920739247386,0
U0038,Dương Hùng,32,F,self,CT,16488380,0.4515066307226715,0.6039557642490582,0
U0039,Vũ Dung,33,M,contract,HP,20103320,0.4237315314554947,0.7231724797493975,1
U0040,Đinh Minh,45,F,formal,HN,14807059,0.387856318314578,0.6772656281710212,1
U0041,Nguyễn Quân,54,M,self,DN,15631944,0.5121377520890419,0.8753643557626244,1
U0042,Huỳnh Đạt,51,M,formal,HP,15536857,0.45902471401269435,0.7975885596282374,1
U0043,Ngô Minh,57,M,contract,HP,17251426,0.4352907245963646,0.6716955760097719,0
U0044,Đỗ An,23,F,self,HN,16574307,0.6483398336415549,0.8477931756909793,1
U0045,Phan Giang,24,F,self,HCM,21748115,0.45548843625222285,0.8247333752878204,0
U0046,Đặng Quang,53,F,gig,HN,9191779,0.6920991794686921,0.901140131619573,1
U0047,Ngô Lan,36,M,student,HN,4000000,0.7953951425104638,0.9003342985006357,1
U0048,Huỳnh Quân,30,M,contract,DN,10240481,0.7172631957122994,0.926829409677582,1
U0049,Võ Vy,47,F,formal,HP,24731706,0.2597030679920745,0.750632081197977,1
U0050,Hồ Trang,41,M,contract,DN,11518545,0.5150710168300642,0.9097822750336655,1
U0051,Lê Quang,33,F,gig,HN,19236642,0.4043210300543198,0.7547004237458248,0
U0052,Đặng Chi,34,F,formal,HP,19039686,0.26397973332253316,0.618221677511674,1
U0053,Trần Trung,37,M,gig,NT,6888262,0.6205770675044403,0.8497428693100688,1
U0054,Vũ Đạt,25,M,self,HP,16242608,0.4515566346480306,0.6843958178270244,1
U0055,Bùi Hải,55,F,formal,HN,21189937,0.45643780006662327,0.7285205234172711,1
U0056,Hồ Giang,45,M,student,HP,4000000,0.7520015570740533,0.8721525461436832,0
U0057,Trần Minh,56,F,formal,CT,21527720,0.5499381025535413,0.8027872251730065,1
U0058,Hồ Thảo,59,F,formal,HP,27559513,0.3161989994080161,0.6300727159398374,0
U0059,Hồ Chi,30,M,formal,DN,18346359,0.40781143669988756,0.8510181252643639,1
U0060,Vũ Nam,40,M,student,DN,4000000,0.8680840176979931,0.9197143162110033,1
U0061,Vũ Hải,51,M,gig,HCM,10980782,0.465315163689212,0.6718519526642804,1
U0062,Phan Dung,58,M,contract,DN,18575016,0.6674833441663526,0.7835468841932222,1
U0063,Nguyễn Thành,48,F,student,HP,5044685,0.7766745548294018,0.9137671345931602,1
U0064,Ngô Bình,57,M,formal,CT,27028793,0.25211991734337486,0.5674343684107992,1
U0065,Vũ Trang,46,M,gig,CT,6824844,0.7813773321172044,0.93855366342508,1
U0066,Huỳnh Hải,45,F,gig,HN,9391461,0.7259109585442021,0.8296096317180665,1
U0067,Vũ Ngân,47,M,gig,NT,8792647,0.7595910016747284,0.8498238579273967,1
U0068,Hoàng Bình,40,M,formal,HCM,20464863,0.3794263029601624,0.7275484608050974,0
U0069,Hoàng Thảo,26,F,contract,DN,12957059,0.4771519954054079,0.8319999214684703,1
U0070,Nguyễn Minh,43,M,formal,DN,13931231,0.5484608077895047,0.884352278777148,1
U0071,Nguyễn Nam,49,M,contract,DN,5503608,0.8021269645365625,0.8900423342327417,1
U0072,Đặng Khánh,21,F,contract,HN,13928306,0.5559966603330121,0.7980813823726617,1
U0073,Nguyễn Ngân,38,F,contract,HCM,19086220,0.5076900764116344,0.8395506345199735,1
U0074,Đặng Hà,27,F,student,NT,4000000,0.7552245516903253,0.9217295881298226,1
U0075,Trần Chi,52,M,student,HP,6523875,0.802983847689041,0.9203499050396805,1
U0076,Hồ Trang,42,M,formal,HP,22740841,0.37637705948140976,0.570850190108297,1
U0077,Phạm Minh,51,M,contract,HCM,7159326,0.6876155605571065,0.861530223391537,1
U0078,Đặng Thành,53,M,gig,NT,16016722,0.5986158800214946,0.8540745101687762,1
U0079,Hồ Bình,40,M,self,NT,21930891,0.4285974308950423,0.596195917039682,0
U0080,Lê Thành,20,M,formal,DN,15553929,0.5920904366565144,0.8452254190375499,0
U0081,Trương Minh,53,M,gig,NT,10893281,0.6327449838649132,0.8604842108557986,1
U0082,Lê Chi,53,M,student,HP,4591442,0.8779757329774802,0.9285569179659984,1
U0083,Trương Trang,56,F,gig,NT,10652524,0.7525840301073838,0.9213416079505722,1
U0084,Đinh Hà,56,F,gig,HCM,9150054,0.6959287389672038,0.8366993072850744,1
U0085,Đặng Hà,36,M,contract,NT,18212611,0.48567817651141665,0.8535991580233392,1
U0086,Phan Ngân,36,F,gig,DN,10238974,0.5615125399506405,0.9068875618147997,1
U0087,Lê Hà,23,M,gig,HP,5951609,0.7446898199119951,0.9293416055318391,1
U0088,Trương Chi,48,F,formal,NT,27195592,0.240616893962461,0.7492874167515207,1
U0089,Huỳnh Đạt,33,F,formal,CT,20668824,0.373157337192271,0.711465574165389,1
U0090,Ngô Nam,25,M,self,NT,13618111,0.6281327257503517,0.8276460532076584,1
U0091,Trương Khánh,29,M,formal,HN,19874254,0.4521913651946885,0.7472025439172659,1
U0092,Hồ Đạt,54,F,contract,HCM,12493789,0.676360130789244,0.9010203917045448,1
U0093,Trần Trung,53,M,self,DN,16625773,0.5361604300728955,0.7515547507827269,0
U0094,Vũ Minh,34,F,formal,HP,18182369,0.5179851035721499,0.7976343107744241,1
U0095,Phan Đạt,52,F,contract,CT,16029096,0.5845039546427429,0.7565536696996505,1
U0096,Vũ Bình,50,M,formal,DN,18918512,0.28111577279749733,0.5787769463935881,1
U0097,Phạm Quân,43,M,student,NT,5202215,0.7946770461641822,0.8824383722690768,1
U0098,Đỗ Hà,23,M,formal,CT,18531879,0.4719547001580299,0.7620990304736036,0
U0099,Trần Ngân,48,M,student,DN,8331827,0.761816937657839,0.9343071665784839,1
U0100,Trương Vy,33,F,gig,DN,13490456,0.6569793055249972,0.8613426910485964,1
U0101,Hồ Quân,43,F,contract,CT,13884300,0.633175473669585,0.7944053394094694,1
U0102,Phạm Hùng,26,M,student,CT,5900467,0.6885190031164252,0.8471540983805035,1
U0103,Hồ Ngân,57,F,contract,NT,16258804,0.521540029719263,0.7321853360808669,1
U0104,Dương Ngọc,50,F,formal,HP,19031988,0.3531715792070884,0.6579593096031274,0
U0105,Dương Bình,41,F,gig,HN,8586675,0.6205481250313933,0.9071851277215913,1
U0106,Dương Hà,59,M,formal,DN,18238521,0.5006083348536546,0.7184101323144447,0
U0107,Đỗ Trang,30,F,contract,NT,19269113,0.4789706329836476,0.6969124058285028,0
U0108,Huỳnh Trung,31,M,contract,DN,11882807,0.604905187197409,0.7795066024687419,1
U0109,Huỳnh Dung,22,F,formal,DN,16350748,0.4604021192285981,0.8077575020162083,1
U0110,Đỗ Chi,47,F,student,CT,9561658,0.634767854609697,0.9036517718975391,1
U0111,Dương Nam,37,F,student,HCM,5417020,0.7466706301160464,0.9166737375183052,1
U0112,Đỗ Trung,58,M,gig,NT,13141028,0.6039848066909939,0.871260301108563,1
U0113,Huỳnh Sơn,55,M,formal,DN,17398321,0.4996472745997437,0.7345243519337793,1
U0114,Dương Ngân,27,M,self,HCM,17909677,0.5269841242444572,0.7880300894115136,1
U0115,Huỳnh An,25,F,contract,CT,13851111,0.5664765860312171,0.7878298999543919,1
U0116,Đỗ Giang,33,F,formal,HP,25886675,0.1910461080851069,0.5953987976224856,1
U0117,Dương Thành,39,M,formal,HP,15069263,0.4591873263123707,0.7916394120030117,0
U0118,Vũ Vy,53,M,student,HN,4966206,0.7881157766822606,0.9038814678631377,1
U0119,Đinh Minh,23,M,gig,NT,10907906,0.6805008904830626,0.8317474364451339,1
U0120,Ngô Lan,28,M,contract,HCM,10858587,0.6918162524846274,0.8594317827760206,0
U0121,Nguyễn Phương,20,F,formal,HCM,22437041,0.21003795850687793,0.4888581661899115,0
U0122,Vũ Ngọc,51,M,contract,NT,11199537,0.5689719521432036,0.8539854555958744,1
U0123,Đinh Trang,21,F,self,HP,27643095,0.3543921371908205,0.5116509447498728,1
U0124,Phạm Thảo,25,F,gig,DN,12749885,0.735608266391795,0.796582202852511,1
U0125,Đinh Khánh,32,F,formal,NT,11228173,0.7008858450569653,0.7997085103413615,1
U0126,Trương Khánh,55,F,gig,HCM,10987947,0.5795458711152285,0.85716149578078,1
U0127,Võ Hùng,55,F,contract,NT,14254754,0.5978449941311686,0.8522690131022519,1
U0128,Đặng Vy,34,F,formal,HCM,13024547,0.6573102935968987,0.8645926590114255,1
U0129,Đinh Đạt,37,M,gig,HCM,11508398,0.48218313976718485,0.875178161701088,1
U0130,Phan Hùng,34,M,gig,DN,9735154,0.7879191746447932,0.8880568405098168,0
U0131,Võ Hà,30,M,formal,NT,19210741,0.36589929552246536,0.6860931529388727,1
U0132,Đỗ Chi,23,M,contract,HN,14821714,0.6270445955755352,0.8646366777033992,1
U0133,Phạm Đạt,41,F,formal,CT,20779992,0.33850209935823516,0.5740889920462734,0
U0134,Ngô Trang,32,M,gig,HCM,13747422,0.6314973159118145,0.8304414806578924,1
U0135,Vũ Hà,47,M,formal,HP,21461268,0.348150962939463,0.5661875645356039,1
U0136,Phạm Quân,51,M,gig,CT,7642032,0.7485626402619312,0.8789076525286582,1
U0137,Đặng Nam,25,M,student,NT,6056405,0.7830500319800145,0.9315056799258737,1
U0138,Nguyễn Dung,25,M,student,CT,6240451,0.8754670106994139,0.9325651125019747,1
U0139,Dương Dung,50,F,formal,NT,15934976,0.22901798827900727,0.6194331339428374,0
U0140,Trần Trang,31,F,formal,CT,18257898,0.4971209277941815,0.8072313749135768,1
U0141,Võ Chi,38,M,formal,DN,15749599,0.5735304598127247,0.8302240099585614,1
U0142,Phạm Giang,40,M,student,NT,4542537,0.8161994605991969,0.8937698897269366,1
U0143,Huỳnh Trang,58,F,formal,CT,24858108,0.31051607581088664,0.6475517388691022,1
U0144,Ngô Thảo,21,F,contract,NT,19470629,0.5471053179572003,0.7307684877175774,1
U0145,Phạm Bình,37,M,self,CT,12565421,0.5603310674288764,0.8231748538968009,1
U0146,Đinh An,37,F,student,HP,6414188,0.6509451995041623,0.9103520413350658,1
U0147,Trương Trang,29,F,formal,CT,20352800,0.37928804989244363,0.6221539976332604,0
U0148,Bùi Sơn,43,M,formal,CT,26053549,0.22948985530594093,0.4579336313883434,0
U0149,Dương Ngọc,34,M,gig,CT,13765595,0.5378641765767015,0.7138822257779213,1
U0150,Phạm Linh,47,M,formal,HCM,17154656,0.5276907960178439,0.8447338971031498,1
U0151,Vũ Quân,46,F,formal,HP,24113874,0.26831020407559786,0.6318578036026257,0
U0152,Lê Trang,28,M,formal,NT,26224829,0.3543678646845352,0.5218408302692341,1
U0153,Bùi Vy,58,M,formal,HN,13034724,0.521539026087053,0.7971164643704362,1
U0154,Huỳnh An,41,F,formal,HN,19289963,0.2833488310947002,0.6923328358869115,1
U0155,Vũ An,22,M,formal,HP,18650680,0.33714951388531095,0.7185391134895093,1
U0156,Trần Hùng,24,M,self,DN,19599186,0.5800578411010703,0.8354870580476677,1
U0157,Hoàng Trung,32,M,contract,NT,14945699,0.6174967655197359,0.7642109527059253,1
U0158,Ngô Sơn,38,M,formal,HP,22842958,0.3213185222367031,0.6333960336975559,0
U0159,Trần Quân,36,M,self,HP,26307518,0.4208305158024976,0.5556092175186156,1
U0160,Phạm Quang,38,M,formal,DN,14727204,0.6003898588225645,0.8587505472934908,1
U0161,Phạm Sơn,55,F,formal,HCM,17669277,0.616919318337246,0.6603098072988633,0
U0162,Ngô Giang,46,M,formal,NT,21400376,0.3137317331442005,0.6127818026192959,1
U0163,Phạm Giang,36,M,formal,HP,15666351,0.48962107940557187,0.7209580210607228,1
U0164,Phạm Thảo,45,F,formal,HN,18399622,0.42694338283718575,0.7135330112319759,1
U0165,Hoàng Linh,49,F,formal,NT,21545321,0.35911732260577134,0.731883458951372,0
U0166,Dương Ngọc,28,M,self,DN,17235387,0.5110690985266249,0.8196963936101347,1
U0167,Huỳnh Trung,26,M,formal,CT,20169855,0.34819873335662366,0.5664852034505675,0
U0168,Nguyễn Phương,38,M,self,CT,19164809,0.4244775765090263,0.6517978270352188,0
U0169,Nguyễn Khánh,43,M,formal,CT,16817835,0.40332204304818586,0.7109736599298211,1
U0170,Vũ Giang,40,M,self,HCM,12446199,0.6079340279097305,0.8466278371340478,0
U0171,Vũ Thảo,29,M,formal,HCM,15416143,0.6419778288461977,0.8502213087117214,1
U0172,Hoàng Hà,34,F,formal,NT,16832755,0.733969804790749,0.8062464732967513,1
U0173,Võ Ngân,42,M,formal,DN,18453082,0.5350076319557577,0.709561185794554,1
U0174,Vũ Đạt,34,F,self,HN,14326123,0.5286883128506853,0.7180021747890585,1
U0175,Ngô Bình,51,F,student,HP,8824441,0.7257091024550636,0.9117967932932225,1
U0176,Võ Sơn,23,F,self,DN,16971922,0.47803040624684495,0.7893896925879814,1
U0177,Lê Linh,57,F,formal,CT,16785354,0.29259851626194705,0.718317050677383,1
U0178,Đinh Thành,47,F,formal,HP,15606529,0.39522084545871766,0.7052968560944799,0
U0179,Dương Hà,36,M,student,NT,4419867,0.6876583474200098,0.9083019540073116,1
U0180,Lê Vy,25,M,gig,HCM,14127599,0.6027044693927887,0.8334594283226515,1
U0181,Trần Trung,33,F,self,HCM,19362869,0.6227850619004223,0.7321218131693591,1
U0182,Đinh Vy,57,F,self,NT,14890695,0.5882409449392234,0.8780394182564858,1
U0183,Dương Sơn,38,F,self,HN,26208730,0.4002912958676717,0.659107612288247,1
U0184,Lê Hùng,33,F,gig,HP,10257521,0.6228621146710345,0.845054229858082,1
U0185,Huỳnh Ngọc,33,F,gig,DN,9686652,0.7594079538881068,0.9455705539691104,1
U0186,Vũ Thảo,39,M,gig,HCM,6638732,0.6969399550836646,0.9199625696197495,1
U0187,Trần Trung,57,F,student,DN,4313507,0.7556508092099513,0.8904033825517184,1
U0188,Đặng An,53,M,gig,HCM,10318536,0.6892796199134225,0.8695604483929364,0
U0189,Trương Khánh,48,M,contract,NT,17040224,0.4419446762656911,0.7998914843133256,1
U0190,Hồ Minh,28,F,formal,HCM,18528547,0.389208137320027,0.7901275731422865,0
U0191,Huỳnh Hải,20,F,contract,CT,17075589,0.42174840402293234,0.7190762349361499,1
U0192,Dương Hải,44,M,formal,NT,24448883,0.2710877988796464,0.5881458055049154,1
U0193,Ngô Khánh,39,M,formal,HN,22537922,0.38430901118754357,0.6935084427030149,0
U0194,Trương Hùng,33,F,formal,HCM,21812547,0.38231911571913263,0.68202251724057,1
U0195,Hoàng Thảo,31,M,contract,HP,13216557,0.5742782928498021,0.7693667542044013,1
U0196,Dương Hùng,37,F,gig,HCM,14177396,0.6129342238215579,0.8565363646711792,1
U0197,Phan Dung,42,F,self,HN,9665528,0.6592671608071802,0.8577018645732146,1
U0198,Huỳnh Hải,56,F,student,CT,5003464,0.7695849331703813,0.88909477636392,1
U0199,Bùi Khánh,53,F,formal,CT,14247290,0.5144139283791579,0.7215732426797865,1
U0200,Trương Minh,25,M,formal,HP,20243678,0.43595417046041246,0.652478755387417,1
U0201,Lê Khánh,36,M,self,NT,19190256,0.5065265311175781,0.6944383002108641,1
U0202,Lê Minh,53,F,gig,HN,4062101,0.7850307714917416,0.8251548113568785,1
U0203,Trương Đạt,53,M,formal,HP,22403839,0.35341344472988817,0.7381003420215511,1
U0204,Huỳnh Phương,55,F,formal,DN,19014959,0.39612033998388496,0.7283573058295532,1
U0205,Bùi An,39,M,self,CT,15581994,0.37236823672330205,0.6074756563788742,1
U0206,Dương Ngân,43,M,formal,DN,17112693,0.3262024377475558,0.7327327884960665,1
U0207,Bùi Chi,23,M,self,HCM,20427295,0.5059803004511674,0.8962449150102608,1
U0208,Phan Chi,29,F,gig,HP,7316950,0.7755762214278985,0.8941713745455488,1
U0209,Hồ Dung,20,F,student,HCM,6626238,0.6800845100094359,0.8592697153116912,1
U0210,Trương Trang,49,M,formal,DN,26437778,0.3485039727377225,0.7345136213742031,1
U0211,Phan Thảo,53,F,formal,NT,11569761,0.5666053143158286,0.8741436987205307,1
U0212,Đặng Dung,58,M,contract,NT,15109508,0.563461317859018,0.7775287062758136,1
U0213,Ngô Trang,27,F,formal,HN,21228490,0.6217164674335045,0.8685322083713111,1
U0214,Hoàng Phương,27,F,formal,NT,14142821,0.4765076874183875,0.8120078935991173,1
U0215,Phạm Dung,42,F,student,HCM,6299195,0.7486522083374222,0.9092729348032594,1
U0216,Đặng Ngân,37,M,self,DN,23843893,0.26858279976226845,0.4520321972354952,1
U0217,Huỳnh Khánh,42,M,gig,HP,11146765,0.6171584091793085,0.8259788936709214,1
U0218,Huỳnh Minh,36,M,contract,CT,18446874,0.5068389228614412,0.7560671520748121,0
U0219,Trần Hùng,55,M,gig,HCM,9180941,0.7934274193200831,0.8838269151459488,1
U0220,Đặng Thảo,43,F,gig,HN,17401611,0.5697630896710625,0.82344213222044,1
U0221,Bùi Vy,29,F,formal,NT,17085600,0.5376315704740866,0.8744120590599618,1
U0222,Dương Hùng,55,F,contract,NT,20260688,0.45242516074611144,0.800140567341587,1
U0223,Phạm Minh,53,M,formal,HP,22976216,0.5071189500501657,0.7669688855961972,0
U0224,Vũ Chi,26,F,student,HCM,7577927,0.6855444630949585,0.7852752927145105,1
U0225,Võ Phương,48,M,self,HN,18685454,0.4777517137805828,0.8535153446045107,1
U0226,Dương Lan,45,F,gig,HCM,6665626,0.801163683557792,0.8641553469894233,1
U0227,Hoàng Bình,20,M,self,NT,10554599,0.6261914840157587,0.8674312689198157,1
U0228,Hoàng Hải,34,F,contract,HP,15647145,0.4016016638493205,0.7590252045842862,1
U0229,Đỗ Lan,52,M,self,HP,15852826,0.7163337255122856,0.8794825399724749,1
U0230,Trần Bình,56,M,self,NT,16133405,0.5758553705179652,0.7699396262289259,1
U0231,Đỗ Hùng,27,M,self,NT,17160780,0.4010333355259073,0.733670883875163,1
U0232,Huỳnh Vy,56,F,student,CT,5095819,0.7717828727367989,0.9136894656954264,1
U0233,Lê Chi,48,M,self,HP,12753135,0.7005031950392927,0.8610628315999408,1
U0234,Ngô Sơn,58,M,formal,HCM,15261481,0.5705210615798278,0.7169255432820574,1
U0235,Ngô Hà,42,F,student,HCM,9966772,0.8377271594770193,0.909967075438439,1
U0236,Đinh Quang,26,F,self,HP,12718453,0.5281417059766964,0.7626742386696147,1
U0237,Phạm Chi,58,F,formal,HCM,12376981,0.6666936038167383,0.8706846743991786,1
U0238,Lê Quang,53,M,contract,HP,7333559,0.6179253545259503,0.8676534889346413,1
U0239,Huỳnh Vy,41,M,formal,CT,20717493,0.33993017650417534,0.7196769034213586,1
U0240,Đặng Khánh,46,M,formal,NT,12493081,0.47391138867583826,0.7401650956393306,1
U0241,Hoàng Phương,51,M,formal,NT,20273921,0.4729475334172126,0.7347135031304809,1
U0242,Trần Hùng,20,M,contract,CT,15794452,0.613862866741446,0.8365236095227145,1
U0243,Nguyễn Phương,48,M,formal,NT,14231736,0.6836685486919352,0.873226291325167,0
U0244,Nguyễn Phương,22,F,formal,CT,16824132,0.5248072991459805,0.8156679271726264,0
U0245,Bùi Khánh,59,M,contract,HP,15683892,0.6287860483476924,0.7797368169523198,1
U0246,Lê Quân,44,F,gig,CT,13179809,0.4933999013189832,0.7706059708269346,1
U0247,Huỳnh Vy,35,M,self,HN,19381550,0.4469001998523784,0.6360000829309318,1
U0248,Phan Ngân,47,F,gig,DN,13712716,0.5970268691131985,0.8648333583421706,1
U0249,Võ Đạt,42,F,student,NT,5915329,0.6744302607195223,0.8832994029379064,1
U0250,Đặng Giang,37,F,gig,HCM,7514454,0.7066109999422711,0.7976399492968231,1
U0251,Trần Thành,41,F,gig,DN,15020356,0.6430691028692122,0.7719432371084886,1
U0252,Đinh Thảo,22,F,formal,HN,25794684,0.23295436353569834,0.422570325901622,0
U0253,Đặng Dung,41,F,gig,HCM,11863656,0.6421724379993794,0.8551607980066237,1
U0254,Dương Dung,28,M,gig,NT,10675924,0.7210058015288651,0.8451375819832092,1
U0255,Dương Sơn,48,M,gig,HN,7126875,0.7568445643576833,0.9129717468286641,1
U0256,Phạm Minh,52,M,formal,DN,24820057,0.35207013687435956,0.7030668131959654,1
U0257,Trương An,22,F,contract,DN,14151751,0.7498931984149303,0.9150643214279872,0
U0258,Bùi Đạt,56,M,formal,DN,26565532,0.16434744512475755,0.639069034082492,1
U0259,Phạm Ngân,34,F,formal,NT,19862336,0.23045178985024853,0.6507510711215171,0
U0260,Ngô Ngân,20,M,gig,NT,9163111,0.7120631369414516,0.8772572060358226,1
U0261,Huỳnh Dung,39,M,formal,HP,25478461,0.3488926795889194,0.6923663642129101,1
U0262,Đinh Chi,58,F,self,HP,14378820,0.6301332253835878,0.845242985059804,1
U0263,Trương Trang,49,M,formal,HCM,19894528,0.3867109534588559,0.7865059401609438,1
U0264,Hồ Khánh,59,M,gig,NT,4000000,0.7337086040972587,0.8978417845449531,1
U0265,Vũ Lan,55,F,contract,CT,11961079,0.5440776029924339,0.9030331679176381,1
U0266,Nguyễn Bình,28,M,student,HCM,7069258,0.7235373782637607,0.9126435267459148,1
U0267,Trương Chi,48,F,self,HCM,10913332,0.6345754106973287,0.870321585884056,1
U0268,Bùi Ngọc,26,F,contract,HP,19337401,0.4403793083388969,0.6506404500052545,1
U0269,Trần Hùng,44,F,gig,HCM,8963821,0.5423863993044196,0.7931671625784685,1
U0270,Phạm Ngân,34,M,formal,NT,22949753,0.19799220832116673,0.4696049457017459,0
U0271,Phạm Sơn,47,F,gig,HP,7747584,0.8062438439785266,0.9122604194278531,1
U0272,Dương Ngọc,30,F,formal,DN,22440470,0.38156425861786003,0.6979235986838077,0
U0273,Phan Hùng,44,F,student,HN,4000000,0.7099957899104828,0.8506882970659196,1
U0274,Đặng Linh,47,F,gig,HCM,14407070,0.6805240342240289,0.8388422771195112,1
U0275,Đỗ Quang,32,M,formal,DN,19558402,0.5417977871080636,0.8618548168143576,1
U0276,Ngô Thảo,45,M,gig,HCM,10294931,0.7462782591285246,0.9419964254339378,1
U0277,Huỳnh Thành,32,M,gig,NT,12217918,0.5876492460405845,0.8117381424368395,0
U0278,Vũ Hà,25,M,self,DN,9210888,0.6386543375777628,0.8597405079638165,1
U0279,Lê Sơn,59,M,student,HN,4000000,0.6922698577772413,0.8853074615688752,1
U0280,Dương Lan,30,M,student,NT,7383762,0.7604410251785619,0.8970542006237963,1
U0281,Bùi Vy,54,M,gig,HP,10580708,0.7460593639964326,0.8757549165990578,1
U0282,Hoàng Vy,39,F,gig,DN,5587585,0.7818753111475543,0.9640107613523327,1
U0283,Võ Vy,33,M,self,HP,16006898,0.4180511603750982,0.7422926087842288,0
U0284,Đinh An,29,F,formal,CT,12655967,0.5552552099732259,0.7529086451997562,1
U0285,Hoàng Bình,34,F,contract,CT,16232558,0.42419688216315843,0.8034093600774984,1
U0286,Đinh Nam,55,F,gig,CT,9778157,0.6153257272357983,0.9074777762122858,1
U0287,Hồ Sơn,26,F,self,DN,21962483,0.39597926579476217,0.8339234454281749,1
U0288,Trần Sơn,58,M,self,HCM,14020922,0.6813831133530697,0.8652098662903963,1
U0289,Đặng Hà,57,F,formal,CT,22927938,0.3999340925297347,0.6834449876283409,1
U0290,Hồ Đạt,47,M,formal,HP,16482382,0.4685245982765319,0.5373377102052994,0
U0291,Trần Hùng,57,F,contract,NT,13595845,0.5136997659061436,0.8219817464595671,1
U0292,Trương Hùng,41,M,formal,HN,22517894,0.3708426452597132,0.7366436255776488,1
U0293,Lê Ngọc,59,F,formal,HP,24810786,0.4001052315173424,0.7636504764935351,0
U0294,Hồ Thành,37,F,formal,CT,19735523,0.5646343271940404,0.7817313171202055,1
U0295,Đinh Thành,23,F,contract,HCM,17847826,0.4684542703366225,0.7840407258948828,1
U0296,Huỳnh Sơn,51,M,gig,NT,8403063,0.6350701390040802,0.8002061171920882,0
U0297,Trương Sơn,44,M,formal,NT,27917558,0.3905600264968538,0.7419471652594598,0
U0298,Dương Minh,32,M,formal,HCM,12472019,0.5803543695201043,0.8401172560221599,0
U0299,Hồ Quân,58,M,contract,HCM,20075546,0.45911275539958696,0.6850544187436126,0
U0300,Nguyễn Vy,32,M,formal,HP,18525677,0.42409644953139813,0.7734125001525012,0
U0301,Đỗ An,28,F,self,CT,8414132,0.733318504204129,0.8143840984660047,1
U0302,Hoàng Thành,59,F,formal,DN,25649638,0.31815997429061355,0.7101035415635092,1
U0303,Trương Giang,57,M,gig,DN,7891816,0.7233008645987284,0.8582895882212321,1
U0304,Ngô Sơn,38,F,formal,HN,23530568,0.3932458736941194,0.7373789707403211,1
U0305,Đỗ Hải,51,M,gig,CT,5081548,0.7237749010297263,0.8928280524337048,1
U0306,Đặng Hùng,43,F,contract,NT,9409234,0.5237898970873504,0.8837694203992685,0
U0307,Dương Bình,45,F,student,HN,8957447,0.7320237629311788,0.8636964024089206,1
U0308,Trương Sơn,42,M,formal,CT,16919360,0.4298627883558885,0.7171908594037306,1
U0309,Hoàng Phương,41,M,gig,HCM,12327302,0.7317574703840435,0.8724993885033479,0
U0310,Trương Hải,42,F,gig,HP,12197476,0.5492219220406735,0.8713377371770061,1
U0311,Đỗ Linh,30,M,student,HN,7204237,0.7058626438601991,0.8412197181404689,1
U0312,Vũ Đạt,58,F,student,HP,7514534,0.6813817567640944,0.8370234492428802,1
U0313,Dương Phương,20,M,formal,HN,22330764,0.25924653496915473,0.6101233868889574,1
U0314,Dương Thành,36,F,formal,HCM,16237614,0.4635312883628326,0.6677491866494786,0
U0315,Hoàng Giang,46,M,contract,HP,14902793,0.5868590115298002,0.7481892259655999,1
U0316,Phạm Chi,37,F,contract,NT,16198798,0.6390241843634671,0.8450160329268546,1
U0317,Hồ Đạt,51,F,student,HP,7059786,0.822952597494995,0.9360215785839759,1
U0318,Dương Lan,34,M,formal,DN,16246964,0.4316963841962294,0.7829394007365775,1
U0319,Huỳnh Thảo,50,M,formal,HN,18901056,0.5734795285004485,0.7911151100187026,1
U0320,Đặng Quân,48,M,gig,DN,8809765,0.7971259192657206,0.9191916739859523,1
U0321,Huỳnh Thành,34,F,contract,HCM,6941616,0.652325890610223,0.8354831543919093,1
U0322,Võ Hùng,25,M,self,CT,4311226,0.6484823979859263,0.9136200169866481,1
U0323,Đặng Nam,42,F,gig,HP,6514648,0.641940328458252,0.8877564147913499,1
U0324,Đỗ Vy,49,M,student,HCM,4775666,0.7362790271390879,0.8749208669461432,1
U0325,Trần Ngân,37,F,formal,HCM,15234502,0.3412349779955595,0.6559839502440126,1
U0326,Đinh Dung,27,M,formal,NT,13352270,0.5278613645994583,0.8159736256309529,1
U0327,Lê Ngân,47,F,formal,CT,13969597,0.5787656005607656,0.8558091235583749,1
U0328,Phạm Bình,55,M,contract,DN,11464218,0.6489082167794755,0.8968446874265507,1
U0329,Dương Dung,41,F,gig,HP,13237340,0.5037364163002408,0.69863465613474,0
U0330,Bùi Đạt,28,M,formal,NT,21045222,0.4900150712055286,0.7082264586774716,1
U0331,Đặng Bình,41,F,formal,CT,21571815,0.32875401304017726,0.6813069060703003,0
U0332,Dương Quân,21,F,gig,NT,8025129,0.642417879595826,0.8405431494403316,1
U0333,Đặng Phương,31,M,contract,DN,11103014,0.6980231846853904,0.9185660907862208,1
U0334,Đinh Minh,21,M,gig,CT,13481481,0.6669842406707116,0.8338504706500497,1
U0335,Trần Ngọc,41,M,student,DN,5525625,0.7277541569397844,0.9134019113773668,1
U0336,Dương Linh,39,M,gig,HCM,16881932,0.6418413990837455,0.8274449794801115,1
U0337,Phạm Thành,56,F,formal,HP,11325603,0.524878210103039,0.8757315456672918,0
U0338,Ngô Ngọc,33,M,gig,CT,11121305,0.6901288238266632,0.8717598448687555,1
U0339,Phan Nam,24,F,formal,DN,17047558,0.6361739696192777,0.8084543131065992,1
U0340,Hồ Ngân,51,M,formal,HCM,17666426,0.5376026431557049,0.7782898601830608,0
U0341,Trần Minh,52,M,gig,HCM,10369318,0.7510299443343182,0.8895272138756932,1
U0342,Dương An,24,F,formal,HCM,15489064,0.5318450492757824,0.8444586540510642,0
U0343,Ngô Sơn,36,F,gig,NT,14044444,0.6225990072959764,0.8670909969826535,1
U0344,Bùi Quang,28,M,self,NT,23223562,0.3778117342859954,0.7040694929119051,0
U0345,Hồ Lan,27,F,contract,HN,10070786,0.5730592717813929,0.8494742655170262,1
U0346,Lê Hải,45,F,student,NT,4000000,0.7967422110820782,0.8902668230651505,1
U0347,Đinh Vy,27,M,formal,DN,22042809,0.38708069170686304,0.7978174383434464,1
U0348,Võ Trang,32,M,student,NT,4841909,0.6756941398757205,0.8781246548406983,1
U0349,Trương Chi,42,F,gig,HCM,10235731,0.5876163056558951,0.8820998288900719,1
U0350,Đặng Hà,35,F,formal,HP,17454647,0.38181247269500657,0.7751756598259556,0
U0351,Đỗ Thảo,41,M,self,HCM,13990062,0.6317631576777192,0.7762342222326976,0
U0352,Bùi Nam,53,F,gig,DN,9636024,0.5956133210776036,0.7987771269031351,1
U0353,Bùi Bình,37,F,formal,DN,17113246,0.4962244812555968,0.7914011549499146,1
U0354,Đặng An,31,F,formal,HN,18781927,0.4449741963676143,0.7432607170874924,1
U0355,Lê Hà,29,M,student,NT,4335877,0.7571684917782828,0.8714703984392161,1
U0356,Trần Linh,37,F,student,HN,6836412,0.7945671666345047,0.8394558399429247,1
U0357,Huỳnh Trang,25,F,student,HCM,5918411,0.7408368175613321,0.899115409286711,1
U0358,Dương Chi,24,F,formal,DN,20781610,0.35972306830567696,0.7741156175310847,1
U0359,Đinh Minh,25,F,formal,HP,14684290,0.4814951055567121,0.8229605126412284,0
U0360,Đỗ Vy,22,F,formal,NT,18701147,0.41703486037780935,0.8062218705760551,1
U0361,Dương Hùng,36,F,formal,NT,15131935,0.6281358048623492,0.8199925922950393,0
U0362,Đặng Trang,59,F,formal,HCM,20116065,0.45047061300399327,0.7062874848478891,1
U0363,Bùi Trang,31,M,contract,HCM,15699025,0.5197838308444549,0.8488623763270284,1
U0364,Trương Đạt,41,M,formal,DN,22883285,0.39161237848028596,0.7559773523681136,1
U0365,Lê Minh,45,M,formal,DN,25873905,0.25947380930869407,0.7185057163526032,0
U0366,Dương An,27,F,gig,NT,4000000,0.6480038177219023,0.9082595154365014,1
U0367,Võ Thảo,40,M,formal,DN,12412264,0.6028745543655868,0.819926938450244,1
U0368,Võ Giang,50,M,gig,HP,8405636,0.849230068856457,0.8704572013812817,1
U0369,Ngô Chi,30,M,formal,NT,18256669,0.6273371051963746,0.7476331586060911,1
U0370,Đinh Thành,20,F,formal,HCM,18916299,0.5455821099819743,0.7460469266592601,1
U0371,Hoàng Hùng,28,M,formal,HCM,14672180,0.6325767206492074,0.9077655205838628,1
U0372,Phạm Phương,58,M,formal,NT,20438934,0.46793140723011933,0.7195286207971967,1
U0373,Võ Hải,35,M,formal,CT,21957768,0.4270844058468476,0.7949905858006667,1
U0374,Phan Hải,22,F,formal,HCM,16428791,0.4325488888552792,0.7691535451476137,1
U0375,Ngô Bình,58,M,self,NT,13991961,0.5572267756920521,0.8618554806520269,1
U0376,Dương Ngọc,44,M,contract,CT,8156300,0.7384147002014392,0.8526183787638488,0
U0377,Trương Vy,43,M,formal,HCM,22475303,0.3651496607120581,0.703952624470041,1
U0378,Đặng Bình,35,M,formal,DN,14755997,0.479870803271536,0.6896039866180605,1
U0379,Trần Chi,55,M,self,HN,16802448,0.6951233098492929,0.7950068326247969,1
U0380,Võ Minh,30,F,formal,DN,17484403,0.4240358049397818,0.6803741285305099,0
U0381,Võ Lan,20,M,gig,NT,9388819,0.7567781962619092,0.8975548199746386,1
U0382,Lê Sơn,52,F,formal,HP,27940760,0.32418990041619666,0.7751578698447718,1
U0383,Dương Ngân,33,M,gig,HP,8284762,0.6860358184374827,0.8229732850085159,1
U0384,Trần Ngân,25,M,gig,CT,12876158,0.6278021567841998,0.8287780936598911,1
U0385,Hồ Vy,33,M,formal,HN,22050550,0.3601383416651039,0.7583300765802145,1
U0386,Trần Dung,49,M,contract,HP,16330950,0.32704891903917627,0.7169312059396348,1
U0387,Trần Hùng,40,M,formal,NT,21434474,0.37531252954665023,0.783612685283178,1
U0388,Nguyễn Trung,55,F,student,NT,6736323,0.7785534409298251,0.9224877963171096,1
U0389,Ngô Phương,23,F,formal,DN,23715431,0.3029763654903709,0.6903722828786233,1
U0390,Phan Trung,56,M,gig,HN,9715280,0.6802461640210317,0.7970819369126975,1
U0391,Hoàng Sơn,37,F,contract,NT,7497603,0.6557026670501414,0.8803440675724027,1
U0392,Bùi Sơn,43,M,formal,HCM,12643353,0.4526098722626293,0.7229031426003133,1
U0393,Đỗ Bình,48,M,formal,HN,16175577,0.5741527045138559,0.6661622219347952,1
U0394,Đinh An,54,F,formal,CT,17630635,0.24226391754060192,0.761615838755886,1
U0395,Phan Quang,55,F,contract,HCM,10436442,0.44983161811986844,0.8765259606109849,1
U0396,Hoàng Quang,21,F,formal,HCM,23783459,0.2496606066813617,0.7088297678832992,1
U0397,Trần Trang,37,F,formal,HN,15282781,0.44965229767809267,0.6806759198105418,1
U0398,Phan Chi,52,F,self,NT,23765205,0.19795436247895246,0.5872567083482612,1
U0399,Phạm Thảo,51,M,student,HCM,8640368,0.6107436948085071,0.8788356933521158,1
U0400,Hồ Quân,36,M,formal,HN,20886116,0.4754075295822116,0.7717872786360768,1
U0401,Hoàng Hùng,21,M,formal,HP,23184252,0.3953092534335997,0.654381456727618,0
U0402,Đặng Minh,43,F,formal,HCM,17971820,0.5941418478816237,0.7399977311627162,1
U0403,Dương Lan,36,F,gig,CT,13977910,0.5836073249881222,0.7932814425349803,1
U0404,Lê Bình,28,M,formal,CT,20975607,0.38140965742035254,0.7042406851140701,0
U0405,Phạm Thảo,52,F,contract,CT,16330285,0.6081908883192827,0.8550764864212691,1
U0406,Đinh Hà,26,F,gig,HP,14030471,0.5357853989505726,0.7486234527742236,1
U0407,Trương Linh,33,M,formal,NT,22037887,0.41469768016575687,0.655821267687452,0
U0408,Trần Sơn,45,F,contract,NT,7553731,0.7275825282940722,0.8136963728006515,1
U0409,Ngô Dung,39,M,self,CT,16131639,0.5896225510882224,0.8128494912556076,0
U0410,Bùi Đạt,41,F,formal,DN,11737502,0.6124152364489623,0.8636362331588358,1
U0411,Vũ Thảo,26,M,gig,DN,16552290,0.4891661076401473,0.769296441997116,1
U0412,Võ Khánh,30,F,self,HP,7552713,0.7085328956020048,0.919382054536147,1
U0413,Huỳnh Quang,36,M,student,DN,4283289,0.7855685282483799,0.8601487138412298,1
U0414,Bùi Thảo,21,F,student,HN,5975836,0.6300200674181565,0.8642646751174932,1
U0415,Phan Sơn,55,F,student,CT,9864919,0.5329965658496254,0.8151973883045943,1
U0416,Hoàng Trung,43,M,contract,HCM,16045013,0.4841149068625675,0.8545605726699446,1
U0417,Đặng Nam,29,F,self,NT,13558631,0.6322260427977566,0.843645595241625,1
U0418,Nguyễn Thảo,51,F,gig,DN,4285783,0.8588250277707827,0.9198479120335044,1
U0419,Đỗ Thảo,21,F,formal,HP,17755592,0.36068637449756275,0.80769486981834,0
U0420,Huỳnh Quang,29,M,student,DN,6282015,0.7402468073435635,0.8493970096256425,0
U0421,Lê Hải,42,M,formal,HCM,17311348,0.426707592004669,0.788180027162994,0
U0422,Võ Ngân,31,F,formal,CT,22524605,0.3523158029244176,0.5993541698269511,0
U0423,Lê Ngân,56,M,gig,HN,12627629,0.598120548380266,0.8626851826460732,1
U0424,Phan Hải,55,M,formal,CT,20252542,0.3954669820197331,0.7836269646111422,1
U0425,Huỳnh Ngọc,32,M,self,NT,15706176,0.4910999566061678,0.7353312196898497,1
U0426,Hồ Lan,52,F,contract,HP,17041288,0.5438820596320265,0.8645269966074692,1
U0427,Đỗ Thành,57,F,gig,HCM,9603492,0.6170666388889978,0.7722167003954501,1
U0428,Lê Vy,23,M,gig,CT,9117272,0.7050311077075044,0.7746562410270147,1
U0429,Đặng An,53,M,gig,HP,7478178,0.6930936914146126,0.945988617300478,1
U0430,Võ Dung,58,F,formal,DN,18478395,0.38268310758859686,0.7383850921952632,1
U0431,Đinh Vy,26,M,formal,NT,17556750,0.45969215351168163,0.8507239113005353,0
U0432,Trương Linh,32,M,contract,NT,13620703,0.6703270219263567,0.7676061484388621,1
U0433,Dương Phương,40,F,gig,CT,8050519,0.7402104871021342,0.8713823089678433,1
U0434,Đỗ Thảo,56,M,gig,HP,12959130,0.6020110712793004,0.8487561563375182,1
U0435,Vũ An,23,M,self,HP,7846591,0.663807740229107,0.817214867546807,1
U0436,Phạm Quân,47,M,formal,HP,17545046,0.5228644939722815,0.8316002103536311,1
U0437,Đinh Trung,52,M,student,HCM,6042336,0.8277861311143617,0.9016471056264805,1
U0438,Đặng Thảo,42,F,contract,NT,16052930,0.6651903295460789,0.908290612180714,1
U0439,Đinh Trang,54,M,contract,HCM,4000000,0.7167404064902201,0.8880558303823564,1
U0440,Trương Hà,25,M,formal,HCM,18181966,0.30016425776825995,0.6171776126687842,0
U0441,Bùi Chi,55,F,formal,NT,15929656,0.5268947229238109,0.7870671588606263,1
U0442,Ngô An,42,M,self,CT,11497854,0.6679840302393711,0.8118600836717925,1
U0443,Vũ Thành,29,M,formal,NT,18217406,0.491339441347704,0.801049283484848,1
U0444,Đỗ Bình,50,F,gig,CT,12992896,0.5902848672416079,0.8324706492075343,0
U0445,Đặng Giang,33,F,formal,CT,16571571,0.494403381118051,0.8118947203941991,1
U0446,Trần Giang,31,M,formal,HN,26843564,0.14495222770491667,0.4558998530138483,1
U0447,Đặng Quang,57,M,gig,NT,9002036,0.6769565994448289,0.9325697853636146,0
U0448,Huỳnh Khánh,22,M,formal,HCM,21257700,0.3297354992952347,0.7807229729573614,1
U0449,Phạm Nam,28,M,contract,HP,13731082,0.5786395013264521,0.8458683808535735,1
U0450,Dương Lan,33,M,formal,HCM,15772285,0.4791009139719395,0.7296591309107372,1
U0451,Ngô Chi,22,M,student,CT,9208183,0.7904367604111532,0.9318654950581848,0
U0452,Ngô Hà,22,F,formal,DN,14780805,0.512564705550751,0.8563347372403788,1
U0453,Hoàng Giang,21,F,formal,CT,13385069,0.5734266096899453,0.6735800648997098,1
U0454,Huỳnh Hà,21,F,student,HCM,5994560,0.697272589754752,0.8604558791081601,1
U0455,Nguyễn Ngọc,37,F,formal,HP,11031113,0.6472202500788272,0.8764706326566757,1
U0456,Ngô Hà,57,M,contract,HN,22168279,0.416856778514845,0.6204630578759601,1
U0457,Lê Trung,57,M,self,HN,14808645,0.44561143371041567,0.7910163810281604,1
U0458,Phan An,48,F,gig,NT,11461916,0.6719126910705813,0.8136555347317724,0
U0459,Trần Giang,44,M,contract,DN,13531142,0.6005590690522526,0.8888969000143918,1
U0460,Ngô Giang,50,F,formal,CT,15011843,0.4829386987466679,0.7721485220820785,1
U0461,Hoàng Nam,45,F,formal,DN,19716531,0.5651435205999409,0.8739517154661655,1
U0462,Đinh Hùng,44,M,formal,HCM,12572258,0.49645943721249636,0.8341444019505235,0
U0463,Đinh Giang,34,F,student,HP,4000000,0.8045042267871095,0.898638821058245,1
U0464,Đặng Hà,47,F,gig,NT,12118774,0.7183264791615359,0.853590296682989,1
U0465,Lê Giang,55,M,formal,NT,22218925,0.37986765391952826,0.6445307366480849,1
U0466,Nguyễn Phương,25,M,student,HN,10121919,0.6865044718426988,0.895896996528877,1
U0467,Ngô An,20,M,formal,NT,20523898,0.4100869070976702,0.6129473951406574,1
U0468,Trần Lan,43,M,self,CT,16859424,0.5906228437886668,0.8261737192598564,1
U0469,Lê Linh,20,M,contract,CT,9223242,0.6954970693977515,0.8654277145808684,1
U0470,Lê Ngọc,26,M,self,HP,16464362,0.4003180056578857,0.8711864538365105,1
U0471,Huỳnh Thảo,49,F,formal,HCM,27593994,0.24604354466973982,0.5253761821943991,1
U0472,Phan Ngân,55,F,formal,CT,16049179,0.5897836404094394,0.8312208842540849,1
U0473,Đinh Nam,58,M,formal,HP,19691515,0.37169822173965755,0.8015074810201728,1
U0474,Đinh Dung,33,M,gig,HN,9454324,0.6883848711819609,0.908178039523769,1
U0475,Phạm Quân,31,M,contract,CT,10906250,0.698288876148995,0.7624372134877053,0
U0476,Trương Linh,28,F,self,HP,10163757,0.7253252281349387,0.884645165799086,1
U0477,Hồ An,58,F,self,DN,12568316,0.5268366375847805,0.7105345240809754,0
U0478,Lê Vy,47,F,self,CT,8585041,0.684366823771819,0.9096023682451667,1
U0479,Dương Bình,49,M,formal,NT,19899295,0.4871532686683863,0.7395830455201061,1
U0480,Phan Giang,51,F,formal,HP,25104349,0.21846907483144973,0.5994624501245642,0
U0481,Trần Lan,22,M,formal,HCM,16889823,0.5549353022140511,0.7510999536611307,1
U0482,Vũ Bình,58,F,formal,HP,16793591,0.4185209279283394,0.7994368151955725,1
U0483,Đặng Hà,28,M,self,HCM,21091048,0.2271732491620045,0.6364522751346547,1
U0484,Huỳnh Phương,52,M,self,HCM,19199517,0.3519406427044014,0.7915370229241968,1
U0485,Đinh An,45,M,formal,HP,18165608,0.6110604291703098,0.7902060422524844,1
U0486,Hồ Thành,57,F,self,NT,12476956,0.5328085982063264,0.8841700116068912,1
U0487,Đặng Thảo,25,F,contract,DN,15074475,0.6131055952700105,0.7716471434758312,1
U0488,Trương Quang,28,M,contract,HCM,15602767,0.6189074623003591,0.827091183684756,1
U0489,Đinh Ngọc,22,F,self,CT,13755130,0.5760958689951332,0.7839863535948185,1
U0490,Bùi Ngọc,43,M,contract,DN,16661476,0.47315714424477073,0.7419307900504878,0
U0491,Nguyễn Thảo,29,M,self,DN,18550787,0.5864964733058117,0.8587816944555267,1
U0492,Lê Linh,22,F,formal,HCM,14151204,0.6239936743639858,0.8338709308065437,1
U0493,Hồ Đạt,58,F,formal,NT,19638544,0.5194762538276136,0.7949597693978833,1
U0494,Hoàng Sơn,47,F,formal,HCM,18150505,0.6287318532643426,0.7698975609221991,1
U0495,Lê Linh,44,F,student,HN,6946815,0.7869005028131126,0.9370313214468338,1
U0496,Đinh Quân,49,M,gig,HP,12002566,0.7187656418249568,0.9007596665835136,1
U0497,Dương Dung,31,M,self,HCM,17253462,0.43242120518415983,0.7515971806266956,1
U0498,Hồ Ngân,24,F,formal,HN,19044707,0.3586099595029635,0.7255573580149708,0
U0499,Hồ An,52,M,formal,HCM,12499748,0.6561643891306445,0.7624445047162202,1
U0500,Bùi Ngọc,58,F,formal,HCM,18529391,0.4432382163109503,0.7858915185407132,1
